﻿<SyntaxDefinition name="MSYT"
        xmlns="http://icsharpcode.net/sharpdevelop/syntaxdefinition/2008">
    <Color name="String" foreground="#C3602C" />
    
    <!-- This is the main ruleset. -->
    <RuleSet>
		<Keywords foreground="#0D2469" fontWeight="bold">
			<Word>---</Word>
			<!-- ... -->
		</Keywords>
		
        <Span color="String">
            <Begin>"</Begin>
            <End>"</End>
            <RuleSet>
				<Rule foreground="#D6A512">
					\\n
				</Rule>
            </RuleSet>
        </Span>

		<Rule foreground="#1C57C9">
			.*:
		</Rule>

        <Span foreground="#622663" fontStyle="italic" begin="kind:"/>
		
        <!-- Digits -->
        <Rule foreground="#548C38">
            \b0[xX][0-9a-fA-F]+  # hex number
        |    \b
            (    \d+(\.[0-9]+)?   #number with optional floating point
            |    \.[0-9]+         #or just starting with floating point
            )
            ([eE][+-]?[0-9]+)? # optional exponent
        </Rule>
    </RuleSet>
</SyntaxDefinition>